Time,Error_code,CW_state,Step
"2006-02-13 11:45:55",81,1,0
"2006-02-13 11:46:21",81,1,0
"2006-02-13 11:46:29",81,1,0
"2006-02-13 11:47:01",81,1,0
"2006-02-13 11:47:11",81,1,0
"2006-02-13 11:54:10",81,2,3
"2006-02-13 11:56:17",81,2,3
"2006-02-13 11:57:22",80,1,0
"2006-02-13 12:05:33",91,6,10
"2019-10-10 08:26:29",80,3,0
"2019-10-10 08:42:57",80,3,0
"2019-10-10 09:11:27",90,6,504
"2019-10-10 09:12:05",80,2,0
"2019-10-10 11:41:44",87,6,2222
"2019-10-10 11:43:51",87,6,200
"2019-10-10 11:45:51",87,6,200
"2019-10-10 11:49:15",80,1,0
"2019-10-10 12:17:33",80,3,0
"2019-10-10 12:25:40",80,3,0
"2019-10-11 10:59:59",80,3,0
"2019-10-11 11:27:19",80,3,0
"2019-10-14 08:39:34",80,3,0
"2019-10-14 11:35:26",80,4,0
"2019-10-14 12:05:56",91,1,0
"2019-10-14 12:15:48",91,6,218
"2019-10-15 08:01:17",92,3,6
"2019-10-15 08:07:19",80,1,0
"2019-10-15 09:59:13",80,3,0
"2019-10-15 11:45:08",80,8,0
"2019-10-15 12:30:25",80,4,0
"2019-10-16 08:46:27",80,3,0
"2019-10-16 10:50:50",80,3,0
"2019-10-16 11:00:23",80,3,0
"2019-10-16 13:30:14",80,3,0
"2019-10-21 14:11:29",80,4,0
"2019-10-24 08:32:07",80,8,0
"2019-10-24 10:45:07",80,3,0
"2019-10-24 11:37:53",80,3,0
"2019-10-24 12:32:15",80,4,0
"2019-10-25 08:24:43",90,8,10
"2019-10-25 08:32:29",80,1,0
"2019-10-25 20:53:59",90,4,6
"2019-10-26 10:47:27",80,1,0
"2019-10-29 07:53:35",90,4,6
"2019-10-29 08:18:49",80,1,0
"2019-10-29 08:31:13",90,5,6
"2019-10-29 08:39:36",80,1,0
"2019-10-29 14:25:26",80,3,0
"2019-10-30 09:32:17",80,3,0
"2019-10-31 09:25:01",80,8,0
"2019-10-31 09:34:45",93,8,10
"2019-10-31 09:37:33",80,1,0
"2019-10-31 11:52:19",80,3,0
"2019-10-31 12:46:51",80,3,0
"2019-10-31 12:49:44",80,4,0
"2019-10-31 13:02:57",80,8,0
"2019-10-31 13:29:39",80,3,0
"2019-11-01 08:48:50",93,3,6
"2019-11-01 08:53:21",80,1,0
"2019-11-01 09:03:06",80,4,0
"2019-11-01 09:09:31",80,3,0
"2019-11-01 09:11:00",121,6,352
"2019-11-01 09:12:57",80,1,0
"2019-11-01 09:20:00",80,8,0
"2019-11-01 09:33:17",80,8,0
"2019-11-01 10:49:40",80,8,0
"2019-11-01 12:55:08",92,3,6
"2019-11-01 13:01:10",80,1,0
"2019-11-01 14:27:00",121,6,326
"2019-11-01 14:27:55",80,1,0
"2019-11-04 13:15:32",80,3,0
"2019-11-05 14:03:09",80,3,0
"2019-11-06 13:19:49",80,3,0
"2019-11-07 06:42:05",91,7,290
"2019-11-07 14:55:03",91,3,6
"2019-11-07 14:55:26",80,1,0
"2019-11-11 07:55:53",91,1,0
"2019-11-11 08:34:04",80,1,0
"2019-11-11 10:42:25",91,4,6
"2019-11-11 10:42:49",80,1,0
"2019-11-11 13:04:23",80,4,0
"2019-11-11 13:29:10",80,8,0
"2019-11-11 14:00:40",80,8,0
"2019-11-12 11:38:19",80,3,0
"2019-11-13 08:49:31",91,3,6
"2019-11-13 09:32:36",80,1,0
"2019-11-13 10:14:12",80,4,0
"2019-11-13 10:29:15",80,4,0
"2019-11-13 11:33:12",80,4,0
"2019-11-13 13:14:06",80,8,0
"2019-11-13 13:45:49",80,4,0
"2019-11-14 08:06:41",80,3,0
"2019-11-14 08:33:28",80,3,0
"2019-11-14 09:59:43",80,8,0
"2019-11-14 14:23:42",80,8,0
"2019-11-15 06:54:21",90,2,3
"2019-11-15 08:39:58",91,3,6
"2019-11-15 10:24:52",80,1,0
"2019-11-15 10:41:12",80,3,0
"2019-11-15 11:15:28",80,8,0
"2019-11-20 13:44:03",80,4,0
"2019-11-20 14:22:24",80,8,0
"2019-11-21 09:21:52",91,8,10
"2019-11-21 09:36:52",80,1,0
"2019-11-21 10:23:28",80,4,0
"2019-11-21 13:06:33",80,4,0
"2019-11-21 13:22:52",80,8,0
"2019-11-22 10:58:23",80,4,0
"2019-11-22 11:44:58",80,8,0
"2019-11-22 11:55:55",80,8,0
"2019-11-22 12:57:52",80,8,0
"2019-11-22 13:20:53",80,3,0
"2019-11-22 13:24:10",80,3,0
"2019-11-24 17:00:39",80,4,0
"2019-11-25 13:08:34",80,3,0
"2019-11-25 14:20:43",80,3,0
"2019-11-25 17:05:19",90,8,10
"2019-11-27 10:47:12",80,3,0
"2019-11-27 11:36:19",80,3,0
"2019-11-27 12:35:07",80,3,0
"2019-11-27 12:47:12",80,3,0
"2019-11-27 13:02:43",80,3,0
"2019-11-27 13:11:34",80,3,0
"2019-11-27 13:17:32",80,3,0
"2019-11-27 13:23:42",80,3,0
"2019-11-28 12:47:11",80,3,0
"2019-11-28 13:17:26",80,4,0
"2019-11-28 13:41:10",90,4,6
"2019-11-28 13:45:42",80,1,0
"2019-11-28 13:50:21",80,6,0
"2019-11-28 14:45:50",91,7,290
"2019-11-28 14:46:34",80,1,0
"2019-11-28 14:46:55",112,2,3
"2019-11-28 15:07:34",80,1,0
"2019-11-28 16:59:25",121,6,504
"2019-11-29 06:53:54",91,6,204
"2019-11-29 08:00:41",80,8,0
"2019-11-29 08:13:59",80,8,0
"2019-11-29 09:38:03",80,8,0
"2019-11-29 10:06:53",80,8,0
"2019-11-29 10:15:19",80,8,0
"2019-11-29 10:35:23",80,8,0
"2019-11-29 10:48:03",80,8,0
"2019-11-29 11:44:14",80,8,0
"2019-11-29 12:22:48",80,3,0
"2019-11-29 12:44:54",80,8,0
"2019-11-29 14:11:14",80,4,0
"2019-12-02 08:47:58",80,3,0
"2019-12-02 09:25:28",90,6,516
"2019-12-02 09:52:41",90,6,524
"2019-12-02 09:53:12",80,2,0
"2019-12-02 11:57:11",80,3,0
"2019-12-02 12:10:49",80,3,0
"2019-12-02 12:21:56",80,3,0
"2019-12-02 12:41:35",80,3,0
"2019-12-02 13:06:21",80,3,0
"2019-12-02 14:22:06",80,3,0
"2019-12-03 09:45:51",80,4,0
"2019-12-03 09:47:57",91,6,332
"2019-12-03 09:52:16",113,6,332
"2019-12-03 09:52:58",91,6,332
"2019-12-03 09:54:11",80,2,0
"2019-12-03 09:55:19",90,2,3
"2019-12-03 09:56:25",80,1,0
"2019-12-03 10:11:02",80,4,0
"2019-12-03 10:19:47",80,8,0
"2019-12-03 11:33:30",80,3,0
"2019-12-03 12:26:25",80,3,0
"2019-12-03 14:17:03",80,3,0
"2019-12-04 07:10:22",91,3,6
"2019-12-04 07:18:45",91,3,6
"2019-12-04 08:33:55",80,3,0
"2019-12-04 09:22:11",91,3,6
"2019-12-04 09:22:55",80,1,0
"2019-12-04 10:08:50",80,3,0
"2019-12-04 10:36:37",80,3,0
"2019-12-04 11:50:23",80,8,0
"2019-12-04 11:53:10",80,3,0
"2019-12-04 13:23:54",80,8,0
"2019-12-04 13:38:53",80,4,0
"2019-12-05 09:10:52",80,3,0
"2019-12-05 09:12:20",91,3,6
"2019-12-05 09:12:58",80,1,0
"2019-12-05 09:21:39",91,3,6
"2019-12-05 09:22:04",80,1,0
"2019-12-05 12:26:28",80,4,0
"2019-12-05 14:04:29",90,4,6
"2019-12-05 14:14:37",80,1,0
"2019-12-09 08:02:39",80,3,0
"2019-12-09 09:28:44",80,3,0
"2019-12-09 09:41:45",80,3,0
"2019-12-09 12:50:19",80,3,0
"2019-12-09 12:58:33",80,3,0
"2019-12-09 13:07:33",80,3,0
"2019-12-09 13:15:33",80,3,0
"2019-12-10 11:35:02",80,3,0
"2019-12-10 12:05:27",80,3,0
"2019-12-11 09:06:34",80,3,0
"2019-12-11 10:49:58",80,3,0
"2019-12-11 10:56:54",80,3,0
"2019-12-11 11:47:51",80,3,0
"2019-12-11 12:38:55",80,3,0
"2019-12-11 12:48:07",80,3,0
"2019-12-11 17:06:50",91,6,318
"2019-12-11 17:11:21",91,6,404
"2019-12-12 12:49:08",80,3,0
"2019-12-12 12:52:46",80,3,0
"2019-12-12 12:58:45",80,3,0
"2019-12-12 13:05:30",80,3,0
"2019-12-12 13:12:39",80,3,0
"2019-12-12 13:30:29",80,3,0
"2019-12-12 13:37:43",99,6,378
"2019-12-12 13:39:00",80,1,0
"2019-12-12 13:51:47",80,3,0
"2019-12-12 14:09:17",80,3,0
"2019-12-13 08:03:08",80,3,0
"2019-12-13 08:19:45",80,3,0
"2019-12-13 08:34:48",80,3,0
"2019-12-13 08:52:35",80,4,0
"2019-12-13 09:55:49",80,3,0
"2019-12-13 10:54:10",80,7,0
"2019-12-13 11:59:36",80,3,0
"2019-12-13 12:13:06",80,3,0
"2019-12-13 12:37:40",80,7,0
"2019-12-13 13:11:13",80,3,0
"2019-12-13 13:23:07",80,3,0
"2019-12-13 13:29:11",80,3,0
"2019-12-16 07:54:47",91,6,520
"2019-12-16 07:58:34",91,6,520
"2019-12-16 08:06:41",90,6,520
"2019-12-16 08:12:26",80,1,0
"2019-12-16 08:29:40",80,3,0
"2019-12-16 09:08:17",80,3,0
"2019-12-16 09:18:44",80,3,0
"2019-12-16 09:33:17",80,4,0
"2019-12-16 09:44:41",98,6,518
"2019-12-16 09:53:55",98,6,518
"2019-12-16 10:00:22",80,1,0
"2019-12-16 10:01:22",97,2,3
"2019-12-16 10:01:45",80,1,0
"2019-12-16 10:10:32",80,3,0
"2019-12-16 10:19:25",91,3,6
"2019-12-16 10:20:13",80,1,0
"2019-12-16 10:21:36",91,6,335
"2019-12-16 12:23:22",80,3,0
"2019-12-16 13:29:52",80,3,0
"2019-12-17 08:00:47",91,6,384
"2019-12-17 08:05:47",80,1,0
"2019-12-17 08:23:15",80,8,0
"2019-12-17 08:31:20",80,8,0
"2019-12-17 08:47:23",80,3,0
"2019-12-17 09:00:20",80,3,0
"2019-12-17 09:10:38",91,6,332
"2019-12-17 09:12:46",80,1,0
"2019-12-17 09:23:00",80,4,0
"2019-12-17 09:26:04",91,6,334
"2019-12-17 09:26:45",80,1,0
"2019-12-17 09:28:20",91,3,6
"2019-12-17 09:28:45",80,1,0
"2019-12-17 09:30:23",91,6,332
"2019-12-17 09:31:23",80,1,0
"2019-12-17 10:23:29",80,3,0
"2019-12-17 10:32:27",80,8,0
"2019-12-17 10:36:00",80,3,0
"2019-12-17 10:39:49",80,8,0
"2019-12-17 10:51:39",88,6,653
"2019-12-17 10:53:08",80,1,0
"2019-12-17 10:56:56",80,4,0
"2019-12-17 14:05:50",80,3,0
"2019-12-17 14:12:56",80,3,0
"2019-12-18 09:24:01",80,8,0
"2019-12-18 09:34:00",80,6,0
"2019-12-18 09:40:58",80,3,0
"2019-12-18 09:57:35",80,8,0
"2019-12-18 10:14:58",80,3,0
"2019-12-18 10:30:53",80,3,0
"2019-12-18 13:03:14",88,6,210
"2019-12-18 13:03:57",80,1,0
"2019-12-18 13:26:42",91,3,6
"2019-12-18 13:53:41",80,1,0
"2019-12-18 13:56:15",91,6,801
"2019-12-18 14:02:03",80,1,0
"2019-12-18 14:02:45",91,2,3
"2019-12-18 14:03:40",80,1,0
"2019-12-18 14:06:06",91,6,801
"2019-12-18 14:07:29",91,6,658
"2019-12-18 15:43:46",93,6,550
"2019-12-19 10:34:36",80,3,0
"2019-12-19 11:58:14",80,8,0
"2019-12-19 12:13:38",80,8,0
"2019-12-19 13:38:40",80,3,0
"2019-12-19 14:30:08",80,3,0
"2019-12-20 08:02:40",80,3,0
"2019-12-20 08:48:14",80,3,0
"2019-12-20 10:41:08",80,3,0
"2019-12-20 10:42:45",80,3,0
"2019-12-20 12:13:32",80,3,0
"2019-12-20 12:47:11",80,3,0
"2020-01-02 12:47:50",80,3,0
"2020-01-02 14:10:18",80,3,0
"2020-01-03 07:41:15",91,8,299
"2020-01-03 08:07:27",91,8,299
"2020-01-03 08:14:56",80,8,0
"2020-01-03 10:56:37",80,8,0
"2020-01-03 12:51:14",80,8,0
"2020-01-03 12:58:09",80,3,0
"2020-01-03 14:09:24",91,8,10
"2020-01-03 14:09:39",80,1,0
"2020-01-05 15:46:19",80,3,0
"2020-01-07 08:58:00",80,3,0
"2020-01-07 09:12:06",80,3,0
"2020-01-07 09:20:20",80,3,0
"2020-01-07 09:26:17",80,8,0
"2020-01-07 10:49:57",80,3,0
"2020-01-07 11:42:18",80,3,0
"2020-01-07 14:37:23",80,3,0
"2020-01-08 10:04:40",80,3,0
"2020-01-08 10:09:09",80,3,0
"2020-01-08 10:56:55",80,3,0
"2020-01-08 13:35:05",80,3,0
"2020-01-09 08:06:57",96,3,6
"2020-01-09 09:40:41",80,1,0
"2020-01-09 12:35:08",90,4,6
"2020-01-09 12:55:57",80,1,0
"2020-01-10 07:45:07",91,3,6
"2020-01-10 07:48:07",91,2,3
"2020-01-10 11:55:30",80,1,0
"2020-01-10 12:47:55",90,4,6
"2020-01-10 12:54:58",80,1,0
"2020-01-13 09:43:20",80,3,0
"2020-01-13 14:21:26",80,3,0
"2020-01-14 07:41:55",90,4,6
"2020-01-14 08:24:39",80,1,0
"2020-01-14 09:26:05",90,4,6
"2020-01-14 09:30:49",80,1,0
"2020-01-14 10:00:55",90,8,0
"2020-01-14 10:24:43",80,1,0
"2020-01-14 10:44:41",80,3,0
"2020-01-14 11:01:02",80,3,0
"2020-01-14 12:51:35",91,6,98
"2020-01-14 12:52:17",80,1,0
"2020-01-14 13:32:41",80,3,0
"2020-01-14 13:46:26",80,3,0
"2020-01-14 13:53:29",80,4,0
"2020-01-16 12:12:55",90,4,6
"2020-01-16 12:25:02",80,1,0
"2020-01-16 12:56:09",91,3,6
"2020-01-16 12:56:47",80,1,0
"2020-01-16 12:57:28",91,2,3
"2020-01-16 13:13:20",80,1,0
"2020-01-16 13:24:06",80,3,0
"2020-01-16 13:30:03",80,3,0
"2020-01-16 13:34:29",80,3,0
"2020-01-17 09:23:22",80,3,0
"2020-01-17 09:39:27",91,6,212
"2020-01-17 11:28:56",93,6,212
"2020-01-17 12:17:12",98,3,6
"2020-01-17 12:24:43",80,1,0
"2020-01-21 08:34:51",80,3,0
"2020-01-21 08:50:02",91,6,414
"2020-01-21 09:24:05",80,3,0
"2020-01-21 09:33:04",80,3,0
"2020-01-21 10:53:36",80,3,0
"2020-01-21 11:05:47",80,3,0
"2020-01-21 14:32:15",80,3,0
"2020-01-22 10:30:40",80,3,0
"2020-01-22 10:32:03",80,3,0
"2020-01-23 08:31:28",80,3,0
"2020-01-23 08:54:28",80,3,0
"2020-01-23 09:12:01",80,3,0
"2020-01-23 09:41:08",80,3,0
"2020-01-23 09:45:11",80,3,0
"2020-01-23 09:53:26",80,3,0
"2020-01-23 09:55:46",80,3,0
"2020-01-23 10:15:02",80,3,0
"2020-01-23 14:05:54",80,3,0
"2020-01-23 14:14:17",80,3,0
"2020-01-24 12:38:31",80,4,0
"2020-01-24 13:19:54",80,4,0
"2020-01-24 13:46:00",80,4,0
"2020-01-24 14:35:22",80,3,0
"2020-01-24 14:36:08",121,6,504
"2020-01-24 14:36:35",121,6,504
"2020-01-24 14:37:12",80,1,0
"2020-01-27 12:25:54",91,6,801
"2020-01-27 12:37:30",91,6,212
"2020-01-27 12:45:29",80,1,0
"2020-01-27 13:04:52",80,3,0
"2020-01-27 13:09:53",90,6,328
"2020-01-27 13:29:32",112,6,200
"2020-01-27 13:30:56",80,1,0
"2020-01-27 13:32:47",112,6,200
"2020-01-27 13:34:34",80,1,0
"2020-01-27 13:38:37",89,6,200
"2020-01-27 13:39:22",80,1,0
"2020-01-28 09:39:30",80,3,0
"2020-01-28 10:01:48",91,6,212
"2020-01-29 10:33:03",80,3,0
"2020-01-29 10:44:32",80,8,0
"2020-01-29 10:53:31",80,8,0
"2020-01-29 11:44:33",80,8,0
"2020-01-29 12:18:51",80,8,0
"2020-01-29 12:59:07",80,3,0
"2020-01-29 13:06:49",80,3,0
"2020-01-29 13:10:49",80,3,0
"2020-01-29 13:14:53",80,3,0
"2020-01-29 13:30:20",80,3,0
"2020-01-29 13:35:12",80,3,0
"2020-01-29 13:38:35",80,3,0
"2020-01-29 13:48:48",80,8,0
"2020-01-30 08:37:01",91,6,335
"2020-01-30 08:51:06",80,1,0
"2020-01-30 08:55:39",80,3,0
"2020-01-30 09:17:28",80,3,0
"2020-01-30 09:51:27",80,3,0
"2020-01-30 13:02:58",80,8,0
"2020-01-31 09:41:24",80,3,0
"2020-01-31 14:07:35",80,3,0
"2020-02-03 13:22:28",80,3,0
"2020-02-03 14:07:43",80,3,0
"2020-02-04 08:12:25",80,3,0
"2020-02-04 08:47:39",80,3,0
"2020-02-04 09:10:49",91,3,6
"2020-02-04 09:25:35",80,1,0
"2020-02-04 09:32:44",80,3,0
"2020-02-04 09:44:15",80,3,0
"2020-02-04 10:00:10",80,3,0
"2020-02-04 14:16:06",80,3,0
"2020-02-05 10:26:40",80,3,0
"2020-02-05 12:34:13",80,9,0
"2020-02-05 12:34:46",97,2,3
"2020-02-05 12:42:33",97,1,0
"2020-02-05 12:43:35",80,1,0
"2020-02-05 12:47:56",80,3,0
"2020-02-05 13:46:43",80,3,0
"2020-02-05 14:00:00",80,3,0
"2020-02-06 07:37:56",90,4,0
"2020-02-06 07:37:57",90,1,6
"2020-02-06 07:50:12",84,6,204
"2020-02-06 08:02:14",80,1,0
"2020-02-06 08:05:18",80,3,0
"2020-02-06 08:09:43",80,3,0
"2020-02-06 08:12:36",80,3,0
"2020-02-06 08:31:17",80,3,0
"2020-02-06 08:38:19",80,3,0
"2020-02-06 08:45:39",80,3,0
"2020-02-06 09:10:53",80,3,0
"2020-02-06 09:14:06",80,8,0
"2020-02-06 09:26:25",80,4,0
"2020-02-06 12:25:40",80,4,0
"2020-02-06 12:31:48",80,3,0
"2020-02-06 12:36:07",80,3,0
"2020-02-06 12:40:37",80,3,0
"2020-02-06 12:45:16",80,3,0
"2020-02-06 12:51:17",84,6,652
"2020-02-06 13:20:31",84,6,653
"2020-02-06 13:30:52",84,6,662
"2020-02-06 13:34:22",80,1,0
"2020-02-06 13:38:47",84,6,652
"2020-02-06 13:40:46",91,6,652
"2020-02-06 13:56:00",84,6,653
"2020-02-06 14:14:27",80,1,0
"2020-02-07 08:11:06",80,4,0
"2020-02-07 08:22:27",80,3,0
"2020-02-07 08:40:02",80,3,0
"2020-02-07 08:48:04",80,3,0
"2020-02-07 08:57:56",80,3,0
"2020-02-07 09:09:32",80,3,0
"2020-02-10 08:02:01",91,3,6
"2020-02-10 08:02:22",80,1,0
"2020-02-10 08:02:40",91,2,3
"2020-02-10 09:02:07",80,1,0
"2020-02-10 10:33:36",80,9,0
"2020-02-10 10:45:25",80,3,0
"2020-02-10 11:59:30",80,4,0
"2020-02-10 12:21:47",80,3,0
"2020-02-10 13:10:47",80,4,0
"2020-02-10 13:44:53",91,3,6
"2020-02-10 13:49:26",80,1,0
"2020-02-10 14:21:45",80,4,0
"2020-02-11 08:42:46",91,3,6
"2020-02-11 08:50:36",80,1,0
"2020-02-11 10:06:44",90,6,334
"2020-02-11 10:08:18",80,1,0
"2020-02-11 10:17:21",91,3,6
"2020-02-11 10:28:28",80,1,0
"2020-02-11 13:57:34",80,3,0
"2020-02-11 14:03:02",80,3,0
"2020-02-11 14:09:59",80,3,0
"2020-02-11 14:14:23",80,8,0
"2020-02-12 07:40:31",91,3,6
"2020-02-12 13:36:37",90,4,6
"2020-02-12 13:37:04",80,1,0
"2020-02-14 09:03:10",80,3,0
"2020-02-14 09:13:01",87,6,212
"2020-02-14 09:18:50",80,1,0
"2020-02-14 09:24:50",80,3,0
"2020-02-14 09:40:42",80,3,0
"2020-02-14 10:00:20",80,8,0
"2020-02-14 10:17:27",80,8,0
"2020-02-14 12:01:57",80,4,0
"2020-02-14 12:21:22",80,8,0
"2020-02-14 12:26:43",80,3,0
"2020-02-14 12:29:46",87,6,212
"2020-02-14 12:32:37",80,1,0
"2020-02-14 12:41:49",80,4,0
"2020-02-14 12:47:02",80,3,0
"2020-02-14 12:54:21",80,3,0
"2020-02-14 12:59:47",80,3,0
"2020-02-14 13:04:28",80,3,0
"2020-02-14 13:12:31",80,3,0
"2020-02-17 08:50:43",80,3,0
"2020-02-17 09:45:22",80,3,0
"2020-02-17 09:58:12",80,3,0
"2020-02-17 10:20:10",80,3,0
"2020-02-17 10:49:16",80,3,0
"2020-02-17 11:09:17",96,3,6
"2020-02-17 11:10:55",80,1,0
"2020-02-17 11:49:42",80,3,0
"2020-02-19 12:01:39",80,3,0
"2020-02-19 13:22:42",80,3,0
"2020-02-20 08:57:10",80,3,0
"2020-02-21 11:58:49",80,3,0
"2020-02-21 12:12:30",80,3,0
"2020-02-21 12:44:34",91,3,6
"2020-02-21 12:47:23",80,1,0
"2020-02-21 13:10:57",80,3,0
"2020-02-21 13:21:29",80,3,0
"2020-02-21 13:30:13",80,3,0
"2020-02-24 08:56:22",91,3,6
"2020-02-24 10:58:26",80,1,0
"2020-02-24 12:00:47",91,3,6
"2020-02-24 12:12:38",80,1,0
"2020-02-24 12:36:28",80,3,0
"2020-02-24 12:41:36",80,8,0
"2020-02-24 12:53:58",80,3,0
"2020-02-24 13:39:21",80,3,0
"2020-02-24 13:47:04",80,3,0
"2020-02-24 13:52:46",80,3,0
"2020-02-24 14:04:43",80,3,0
"2020-02-24 14:10:14",80,3,0
"2020-02-24 14:15:04",80,3,0
"2020-02-25 07:33:55",91,3,6
"2020-02-25 08:52:15",80,3,0
"2020-02-25 09:27:19",80,3,0
"2020-02-25 09:42:34",80,3,0
"2020-02-25 10:08:36",80,3,0
"2020-02-25 10:23:47",80,3,0
"2020-02-25 10:28:57",80,3,0
"2020-02-25 12:06:52",80,3,0
"2020-02-25 12:08:46",91,6,378
"2020-02-25 12:17:54",80,1,0
"2020-02-25 12:34:46",80,3,0
"2020-02-25 12:42:08",80,8,0
"2020-02-25 13:29:43",80,3,0
"2020-02-25 13:35:29",80,3,0
"2020-02-25 13:43:06",80,3,0
"2020-02-25 13:58:08",80,3,0
"2020-02-26 08:26:53",80,3,0
"2020-02-26 08:39:32",80,3,0
"2020-02-26 08:55:02",87,8,299
"2020-02-26 08:55:41",80,1,0
"2020-02-26 09:27:19",80,3,0
"2020-02-26 09:42:11",80,3,0
"2020-02-26 09:58:23",80,3,0
"2020-02-26 10:30:09",80,8,0
"2020-02-26 10:44:03",80,3,0
"2020-02-26 10:52:41",80,3,0
"2020-02-26 12:47:18",90,4,6
"2020-02-26 12:52:23",80,1,0
"2020-02-26 13:04:38",80,4,0
"2020-02-26 13:23:42",80,3,0
"2020-02-26 13:30:06",80,3,0
"2020-02-26 13:36:55",80,3,0
"2020-02-27 08:29:00",80,3,0
"2020-02-27 08:50:21",80,3,0
"2020-02-27 10:13:22",80,3,0
"2020-02-27 11:51:56",80,3,0
"2020-02-27 12:01:02",80,3,0
"2020-02-27 12:19:13",87,8,299
"2020-02-27 12:39:42",80,1,0
"2020-02-27 12:46:15",80,3,0
"2020-02-27 13:35:24",87,8,699
"2020-02-27 13:41:56",80,1,0
"2020-02-28 10:38:03",80,3,0
"2020-02-28 11:48:07",80,3,0
"2020-03-03 09:07:10",93,3,6
"2020-03-03 10:53:12",93,9,0
"2020-03-03 11:02:48",80,1,0
"2020-03-03 11:57:23",80,3,0
"2020-03-03 14:31:40",91,5,6
"2020-03-03 14:34:21",80,1,0
"2020-03-04 15:04:52",80,3,0
"2020-03-05 10:41:02",91,6,326
"2020-03-05 10:41:25",91,6,326
"2020-03-05 10:46:53",93,6,821
"2020-03-07 10:54:07",91,5,6
"2020-03-07 10:54:33",80,1,0
"2020-03-09 10:54:08",90,4,6
"2020-03-09 12:39:10",80,1,0
"2020-03-10 08:05:07",91,6,326
"2020-03-10 08:07:30",80,3,0
"2020-03-10 08:09:37",91,6,326
"2020-03-10 08:14:13",91,6,3038
"2020-03-10 08:18:03",91,6,334
"2020-03-11 08:15:28",80,3,0
"2020-03-11 13:54:29",80,3,0
"2020-03-12 11:42:21",80,3,0
"2020-03-12 11:44:28",91,3,6
"2020-03-12 11:44:48",80,1,0
"2020-03-12 11:48:25",91,6,334
"2020-03-12 13:31:37",90,5,6
"2020-03-12 13:32:03",80,1,0
"2020-03-12 13:41:53",80,3,0
"2020-03-16 09:10:55",91,3,6
"2020-03-16 09:12:35",80,1,0
"2020-03-16 09:23:55",96,4,6
"2020-03-16 09:25:40",80,1,0
"2020-03-16 09:27:06",80,4,0
"2020-03-16 09:29:55",91,4,6
"2020-03-16 09:30:25",80,1,0
"2020-03-16 10:37:03",92,3,6
"2020-03-16 10:37:37",80,1,0
"2020-03-16 10:44:44",80,3,0
"2020-03-16 10:47:09",92,3,6
"2020-03-16 10:47:53",80,1,0
"2020-03-16 11:46:01",92,3,6
"2020-03-16 11:46:50",80,1,0
"2020-03-16 13:18:16",80,4,0
"2020-03-17 10:42:04",80,3,0
"2020-03-17 10:49:47",80,8,0
"2020-03-18 09:02:53",80,4,0
"2020-03-18 09:05:02",80,3,0
"2020-03-18 09:11:38",80,3,0
"2020-03-18 09:12:59",91,4,6
"2020-03-18 09:13:22",80,1,0
"2020-03-18 09:13:38",91,2,3
"2020-03-18 09:14:04",80,1,0
"2020-03-18 09:22:48",80,4,0
"2020-03-18 09:25:01",80,3,0
"2020-03-18 09:25:51",80,3,0
"2020-03-18 09:28:18",80,3,0
"2020-03-18 09:31:54",80,3,0
"2020-03-18 09:32:58",80,3,0
"2020-03-18 10:47:44",80,8,0
"2020-03-18 11:50:03",80,8,0
"2020-03-18 11:56:57",80,8,0
"2020-03-18 12:42:25",80,8,0
"2020-03-20 10:00:18",80,3,0
"2020-03-20 14:31:04",80,4,0
"2020-03-20 15:09:00",114,6,821
"2020-03-20 15:09:38",114,6,821
"2020-03-20 15:09:59",114,6,821
"2020-03-20 15:10:19",114,6,821
"2020-03-20 15:10:50",80,1,0
"2020-03-20 15:26:34",114,6,821
"2020-03-20 15:38:10",114,6,821
"2020-03-20 15:39:20",114,6,821
"2020-03-20 15:49:45",114,6,821
"2020-03-22 14:38:12",80,4,0
"2020-03-22 14:41:00",80,2,0
"2020-03-23 09:24:54",84,6,212
"2020-03-23 09:27:44",80,1,0
"2020-03-23 09:39:07",80,3,0
"2020-03-23 10:28:38",80,3,0
"2020-03-23 12:24:17",80,8,0
"2020-03-23 13:27:30",91,6,518
"2020-03-23 13:41:30",80,3,0
"2020-03-23 13:45:30",80,3,0
"2020-03-23 13:58:31",80,4,0
"2020-03-24 13:28:36",80,3,0
"2020-03-24 13:39:01",80,3,0
"2020-03-25 08:00:56",80,3,0
"2020-03-27 09:42:10",80,3,0
"2020-03-27 12:33:03",80,8,0
"2020-03-27 12:42:05",80,8,0
"2020-03-27 13:07:27",80,8,0
"2020-03-29 14:08:29",114,6,821
"2020-03-29 14:09:55",80,1,0
"2020-03-31 08:53:07",80,3,0
"2020-03-31 09:18:52",80,3,0
"2020-03-31 11:39:17",80,3,0
"2020-03-31 12:11:57",80,3,0
"2020-03-31 12:25:36",91,6,0
"2020-03-31 12:25:37",91,1,418
"2020-03-31 12:36:33",84,6,418
"2020-03-31 12:44:25",80,2,0
"2020-03-31 12:48:27",91,6,418
"2020-04-02 08:01:36",80,3,0
"2020-04-02 08:14:52",80,3,0
"2020-04-02 08:20:09",80,3,0
"2020-04-02 08:43:57",80,3,0
"2020-04-02 09:22:21",80,3,0
"2020-04-02 09:37:22",80,3,0
"2020-04-02 09:59:59",80,3,0
"2020-04-02 11:05:34",80,8,0
"2020-04-02 11:36:36",91,6,650
"2020-04-02 11:38:36",91,6,650
"2020-04-02 11:38:59",80,2,0
"2020-04-02 11:42:46",80,4,0
"2020-04-02 11:52:49",80,8,0
"2020-04-02 12:07:58",80,8,0
"2020-04-02 14:04:56",80,4,0
"2020-04-03 11:43:48",80,3,0
"2020-04-04 21:30:31",91,3,6
"2020-04-05 10:53:41",80,1,0
"2020-04-06 10:48:50",80,3,0
"2020-04-06 12:10:54",80,3,0
"2020-04-06 12:14:48",80,3,0
"2020-04-06 12:58:36",80,3,0
"2020-04-06 13:13:56",80,3,0
"2020-04-07 12:00:33",80,4,0
"2020-04-07 12:01:17",96,2,3
"2020-04-07 12:03:48",80,1,0
"2020-04-07 13:03:42",80,8,0
"2020-04-07 13:36:43",90,6,362
"2020-04-07 13:39:17",80,1,0
"2020-04-07 13:40:19",90,6,334
"2020-04-07 13:43:56",80,1,0
"2020-04-07 13:45:34",90,6,362
"2020-04-07 13:46:36",80,2,0
"2020-04-08 07:59:04",101,2,3
"2020-04-08 08:01:01",80,1,0
"2020-04-08 08:16:40",80,3,0
"2020-04-08 08:18:56",80,3,0
"2020-04-08 09:13:14",80,3,0
"2020-04-08 09:31:40",80,3,0
"2020-04-08 09:43:11",80,3,0
"2020-04-08 09:46:26",80,3,0
"2020-04-08 10:09:32",91,3,6
"2020-04-08 10:11:38",80,1,0
"2020-04-08 11:02:04",80,3,0
"2020-04-08 12:23:55",121,6,504
"2020-04-08 12:25:58",80,1,0
"2020-04-08 12:31:00",91,6,512
"2020-04-08 12:37:11",115,6,652
"2020-04-08 12:41:11",80,1,0
"2020-04-08 12:47:47",115,6,652
"2020-04-08 12:49:04",80,1,0
"2020-04-08 12:54:21",115,6,652
"2020-04-08 13:03:08",85,6,650
"2020-04-08 13:03:30",80,1,0
"2020-04-08 13:05:29",121,6,326
"2020-04-08 13:05:52",80,2,0
"2020-04-08 13:21:43",80,3,0
"2020-04-08 13:34:07",80,8,0
"2020-04-08 13:41:18",80,8,0
"2020-04-08 13:56:22",80,8,0
"2020-04-08 14:01:44",80,8,0
"2020-04-09 08:11:30",80,8,0
"2020-04-09 09:41:24",80,4,0
"2020-04-09 09:53:51",80,8,0
"2020-04-09 11:44:35",80,8,0
"2020-04-09 11:57:03",80,4,0
"2020-04-09 12:04:31",80,8,0
"2020-04-09 12:13:38",80,8,0
"2020-04-09 13:15:58",80,4,0
"2020-04-14 12:23:40",90,4,6
"2020-04-14 12:45:34",80,1,0
"2020-04-14 13:30:10",80,3,0
"2020-04-14 14:02:27",80,3,0
"2020-04-14 15:05:07",80,3,0
"2020-04-15 11:40:55",80,3,0
"2020-04-15 12:08:11",80,3,0
"2020-04-15 12:30:34",80,3,0
"2020-04-15 12:58:34",80,4,0
"2020-04-15 13:03:17",80,3,0
"2020-04-15 13:29:31",80,3,0
"2020-04-15 13:45:46",80,3,0
"2020-04-16 08:02:47",80,3,0
"2020-04-16 08:57:47",80,3,0
"2020-04-16 10:03:45",80,3,0
"2020-04-16 10:12:22",80,3,0
"2020-04-16 10:49:58",80,3,0
"2020-04-16 11:59:11",80,3,0
"2020-04-16 12:27:13",80,4,0
"2020-04-17 08:08:54",96,3,6
"2020-04-17 14:36:33",80,1,0
"2020-04-20 12:04:38",91,3,6
"2020-04-20 14:24:40",80,1,0
"2020-04-22 12:18:28",90,4,6
"2020-04-22 12:32:56",80,1,0
"2020-04-22 12:33:38",90,2,3
"2020-04-22 12:45:17",80,1,0
"2020-04-22 12:46:00",90,2,3
"2020-04-22 13:00:19",80,1,0
"2020-04-22 13:18:23",80,3,0
"2020-04-22 13:59:50",80,4,0
"2020-04-23 07:58:15",88,6,218
"2020-04-23 08:11:04",80,1,0
"2020-04-23 08:15:02",88,6,218
"2020-04-23 08:19:25",80,1,0
"2020-04-23 09:56:56",80,3,0
"2020-04-23 10:13:29",80,3,0
"2020-04-23 11:56:59",80,3,0
"2020-04-23 12:20:59",80,3,0
"2020-04-23 13:00:20",80,3,0
"2020-04-23 13:23:24",80,3,0
"2020-04-23 14:03:48",80,8,0
"2020-04-24 08:04:52",80,3,0
"2020-04-24 08:45:45",80,3,0
"2020-04-24 09:30:33",80,3,0
"2020-04-24 10:16:56",80,3,0
"2020-04-24 10:34:31",80,4,0
"2020-04-24 11:31:58",80,3,0
"2020-04-24 12:02:45",80,3,0
"2020-04-24 13:19:11",80,3,0
"2020-04-24 13:28:11",80,3,0
"2020-04-24 13:40:31",80,8,0
"2020-04-24 13:51:34",80,8,0
"2020-04-24 14:06:33",80,8,0
"2020-04-27 08:01:01",80,8,0
"2020-04-27 08:24:04",80,8,0
"2020-04-27 08:34:59",80,8,0
"2020-04-27 09:20:21",80,8,0
"2020-04-27 09:43:09",80,3,0
"2020-04-27 10:18:15",80,8,0
"2020-04-27 11:06:17",80,8,0
"2020-04-27 11:58:34",80,4,0
"2020-04-27 12:38:22",80,3,0
"2020-04-27 13:55:16",80,8,0
"2020-04-28 09:51:13",80,8,0
"2020-04-28 10:41:12",80,8,0
"2020-04-28 12:09:26",80,8,0
"2020-04-29 09:31:24",80,4,0
"2020-04-29 12:04:34",80,4,0
"2020-04-29 12:07:28",103,6,412
"2020-04-29 12:13:52",80,2,0
"2020-04-29 12:17:22",103,6,412
"2020-04-29 12:27:21",80,1,0
"2020-04-29 12:35:48",80,8,0
"2020-04-29 13:20:37",80,4,0
"2020-04-30 09:12:24",80,4,0
"2020-04-30 10:02:03",80,8,0
"2020-04-30 10:27:22",80,4,0
"2020-04-30 10:41:10",80,3,0
"2020-04-30 12:05:22",80,4,0
"2020-05-04 12:12:37",80,3,0
"2020-05-04 12:50:56",80,3,0
"2020-05-05 11:57:12",80,3,0
"2020-05-05 12:55:37",80,8,0
"2020-05-05 13:10:02",80,8,0
"2020-05-05 14:35:26",80,3,0
"2020-05-06 12:19:25",91,6,548
"2020-05-06 12:53:29",91,3,6
"2020-05-06 12:53:46",80,1,0
"2020-05-06 13:47:46",80,8,0
"2020-05-07 06:23:53",91,6,326
"2020-05-07 06:24:41",91,6,326
"2020-05-07 09:25:24",80,3,0
"2020-05-07 11:38:04",80,3,0
"2020-05-11 08:42:51",80,4,0
"2020-05-11 08:47:32",80,2,0
"2020-05-11 10:52:14",80,3,0
"2020-05-11 11:44:02",80,8,0
"2020-05-11 11:58:36",80,3,0
"2020-05-11 12:26:23",80,4,0
"2020-05-11 12:34:21",80,3,0
"2020-05-11 13:06:01",80,3,0
"2020-05-12 09:01:42",80,3,0
"2020-05-12 09:22:36",102,6,550
"2020-05-12 09:23:23",80,1,0
"2020-05-12 09:25:57",102,6,534
"2020-05-12 09:57:44",80,1,0
"2020-05-12 10:45:03",80,4,0
"2020-05-12 11:00:22",80,3,0
"2020-05-12 11:38:15",80,8,0
"2020-05-12 11:45:02",80,8,0
"2020-05-12 12:03:32",80,8,0
"2020-05-12 12:20:10",80,8,0
"2020-05-12 12:29:51",80,3,0
"2020-05-12 12:53:10",80,3,0
"2020-05-13 14:06:32",80,3,0
"2020-05-18 13:40:18",80,3,0
"2020-05-19 08:47:55",120,3,6
"2020-05-19 08:48:39",80,1,0
"2020-05-19 08:49:45",120,3,6
"2020-05-19 08:50:56",80,1,0
"2020-05-19 13:47:22",80,3,0
"2020-05-25 14:24:20",91,6,520
"2020-05-25 14:24:40",80,2,0
"2020-05-27 09:36:08",90,4,6
"2020-05-27 12:08:21",80,1,0
"2020-05-27 15:00:28",91,4,6
"2020-05-28 14:36:58",80,1,0
"2020-06-01 10:11:15",91,2,3
"2020-06-01 10:11:48",80,1,0
"2020-06-02 14:45:49",91,3,6
"2020-06-02 14:46:29",80,1,0
"2020-06-02 14:56:25",115,6,6
"2020-06-03 14:01:56",115,6,6
"2020-06-08 13:37:09",80,3,0
"2020-06-08 13:57:32",93,3,6
"2020-06-08 13:58:21",80,1,0
"2020-06-08 13:58:38",93,2,3
"2020-06-08 14:03:55",80,1,0
"2020-06-09 11:35:03",96,3,6
"2020-06-09 11:40:47",80,1,0
"2020-06-10 10:57:14",80,3,0
"2020-06-10 12:49:49",96,3,6
"2020-06-10 12:56:47",80,1,0
"2020-06-11 14:30:23",96,3,6
"2020-06-11 14:31:22",80,1,0
"2020-06-11 14:36:20",91,3,6
"2020-06-11 14:36:43",80,1,0
"2020-06-13 09:42:57",91,3,6
"2020-06-13 11:21:57",80,1,0
"2020-06-15 10:11:46",90,8,10
"2020-06-15 10:20:52",80,1,0
"2020-06-17 12:24:31",80,3,0
"2020-06-22 10:04:39",98,3,6
"2020-06-22 10:36:34",80,1,0
"2020-06-22 12:50:31",96,3,6
"2020-06-22 14:16:29",80,1,0
"2020-06-23 14:14:02",80,3,0
"2020-06-24 08:18:13",93,6,212
"2020-06-25 08:22:11",80,3,0
"2020-06-25 08:28:29",80,3,0
"2020-06-25 08:56:12",80,3,0
"2020-06-26 08:34:57",80,3,0
"2020-06-30 08:07:09",80,3,0
"2020-06-30 08:44:34",80,8,0
"2020-06-30 09:13:58",80,3,0
"2020-06-30 09:16:47",91,6,803
"2020-06-30 09:22:36",80,1,0
"2020-06-30 09:23:18",91,2,3
"2020-06-30 09:24:37",80,1,0
"2020-06-30 09:31:32",80,3,0
"2020-06-30 09:44:40",80,3,0
"2020-06-30 09:52:33",80,3,0
"2020-06-30 10:02:42",80,8,0
"2020-06-30 10:23:53",80,3,0
"2020-06-30 10:33:54",80,8,0
"2020-06-30 10:39:09",80,3,0
"2020-06-30 10:44:22",80,3,0
"2020-06-30 10:50:25",80,8,0
"2020-06-30 12:02:57",80,3,0
"2020-06-30 12:13:55",80,3,0
"2020-06-30 12:23:19",80,4,0
"2020-06-30 12:34:34",80,3,0
"2020-06-30 12:43:46",80,3,0
"2020-06-30 12:49:41",80,8,0
"2020-06-30 13:02:29",80,3,0
"2020-06-30 13:07:28",80,3,0
"2020-06-30 13:34:49",80,8,0
"2020-06-30 13:48:06",80,3,0
"2020-06-30 13:50:47",91,6,803
"2020-06-30 13:56:55",80,1,0
"2020-07-03 08:48:39",80,4,0
"2020-07-03 08:59:42",80,8,0
"2020-07-03 09:27:32",80,3,0
"2020-07-03 09:41:00",80,3,0
"2020-07-03 09:52:18",80,3,0
"2020-07-03 09:55:09",91,6,658
"2020-07-03 10:03:45",80,1,0
"2020-07-03 10:14:10",80,3,0
"2020-07-03 10:18:46",80,3,0
"2020-07-03 10:23:19",80,3,0
"2020-07-03 10:28:33",80,3,0
"2020-07-03 10:43:45",80,3,0
"2020-07-27 17:06:25",93,6,662
"2020-07-27 17:07:40",93,6,662
"2020-07-27 17:09:07",93,6,662
"2020-07-31 07:53:22",93,6,658
"2020-07-31 18:31:24",93,6,210
"2020-08-03 12:31:52",93,3,6
"2020-08-03 12:32:18",80,1,0
"2020-08-03 12:32:34",93,2,3
"2020-08-03 12:34:52",80,1,0
"2020-08-04 10:36:22",93,3,6
"2020-08-04 11:44:25",80,1,0
"2020-08-05 10:13:32",91,5,6
"2020-08-05 14:43:42",80,1,0
"2020-08-06 08:23:15",121,6,403
"2020-08-06 08:31:41",80,1,0
"2020-08-06 09:39:38",91,6,404
"2020-08-06 10:01:04",80,1,0
"2020-08-07 07:39:10",91,6,658
"2020-08-12 09:27:38",91,3,6
"2020-08-12 09:31:52",80,1,0
"2020-08-13 10:54:08",90,4,6
"2020-08-13 13:45:21",80,1,0
"2020-08-17 13:47:39",90,4,6
"2020-08-17 14:32:06",80,1,0
"2020-08-18 10:03:33",90,6,326
"2020-08-18 10:04:14",80,1,0
"2020-08-20 09:56:54",91,3,6
"2020-08-20 13:55:58",80,1,0
"2020-08-21 14:23:18",93,3,6
"2020-08-21 14:23:51",80,1,0
"2020-08-21 14:24:07",93,2,3
"2020-08-21 14:27:53",80,1,0
"2020-08-24 07:56:26",96,3,6
"2020-08-24 09:57:10",80,1,0
"2020-09-09 08:56:51",89,4,6
"2020-09-09 09:22:49",80,1,0
"2020-09-10 08:15:51",91,3,6
"2020-09-10 09:48:13",80,1,0
"2020-09-14 09:57:33",91,3,6
"2020-09-14 09:58:05",80,1,0
"2020-09-15 12:24:09",96,4,6
"2020-09-15 12:29:09",80,1,0
"2020-09-15 14:38:20",114,6,821
"2020-09-15 14:44:48",114,6,821
"2020-09-16 03:35:25",96,3,6
"2020-09-16 13:58:42",80,1,0
"2020-09-20 16:07:15",91,6,658
"2020-09-21 13:41:37",91,3,6
"2020-09-21 13:42:12",80,1,0
"2020-09-21 16:21:05",88,6,658
"2020-09-21 16:28:56",80,1,0
"2020-09-21 16:29:15",88,2,3
"2020-09-21 16:31:14",80,1,0
"2020-09-29 12:01:23",91,3,6
"2020-09-29 15:07:29",80,1,0
"2020-09-30 11:49:54",95,3,6
"2020-09-30 15:28:46",80,3,0
"2020-10-01 12:32:49",91,3,6
"2020-10-01 12:33:06",80,1,0
"2020-10-06 14:04:36",91,3,6
"2020-10-06 15:17:20",80,1,0
"2020-10-08 10:11:20",91,3,6
"2020-10-08 10:59:15",80,1,0
"2020-10-08 13:48:21",91,3,6
"2020-10-08 14:21:31",80,1,0
"2020-10-08 14:45:02",91,3,6
"2020-10-08 14:47:57",80,1,0
"2020-10-09 08:57:59",91,6,326
"2020-10-09 08:58:16",80,1,0
"2020-10-09 12:14:21",96,3,6
"2020-10-09 12:16:17",80,1,0
"2020-10-16 13:57:37",91,3,6
"2020-10-16 13:57:53",80,1,0
"2020-10-19 09:35:55",80,4,0
"2020-10-19 10:44:03",80,4,0
"2020-10-19 13:08:21",80,8,0
"2020-10-19 13:11:30",115,6,803
"2020-10-19 13:15:32",80,1,0
"2020-10-19 13:45:57",80,8,0
"2020-10-19 13:53:34",80,8,0
"2020-10-19 13:56:43",115,6,803
"2020-10-20 10:57:31",80,8,0
"2020-10-20 12:01:45",80,8,0
"2020-10-20 12:51:59",80,4,0
"2020-10-21 07:15:55",115,6,803
"2020-10-21 08:07:33",80,8,0
"2020-10-21 08:21:44",80,8,0
"2020-10-21 08:31:03",80,8,0
"2020-10-21 14:11:12",80,8,0
"2020-10-22 08:17:49",80,8,0
"2020-10-22 08:28:50",80,8,0
"2020-10-22 08:40:23",80,8,0
"2020-10-22 08:48:11",80,8,0
"2020-10-22 08:55:18",80,8,0
"2020-10-22 09:03:52",80,8,0
"2020-10-22 09:16:03",80,8,0
"2020-10-22 09:26:13",80,8,0
"2020-10-22 09:41:31",80,3,0
"2020-10-22 09:48:17",80,8,0
"2020-10-22 09:59:02",80,3,0
"2020-10-22 10:15:40",80,8,0
"2020-10-22 10:30:14",80,8,0
"2020-10-22 10:43:23",80,8,0
"2020-10-22 13:26:54",80,8,0
"2020-10-22 13:33:30",80,8,0
"2020-10-22 13:39:52",80,8,0
"2020-10-22 13:51:57",80,8,0
"2020-10-22 14:06:58",80,8,0
"2020-10-23 08:02:24",80,4,0
"2020-10-23 08:52:49",80,8,0
"2020-10-23 09:20:12",80,4,0
"2020-10-23 09:54:18",80,3,0
"2020-10-23 10:50:04",80,8,0
"2020-10-23 11:58:55",80,8,0
"2020-10-23 12:14:00",80,8,0
"2020-10-23 12:21:53",80,8,0
"2020-10-23 12:38:42",80,3,0
"2020-10-23 12:48:27",80,8,0
"2020-10-26 08:52:15",80,4,0
"2020-10-26 08:58:40",80,3,0
"2020-10-26 09:08:07",80,4,0
"2020-10-26 09:16:09",80,8,0
"2020-10-26 12:21:34",80,4,0
"2020-10-29 14:49:03",90,4,6
"2020-10-29 14:49:32",80,1,0
"2020-10-30 09:49:27",91,3,6
"2020-10-30 14:46:21",80,1,0
"2020-11-02 09:14:51",91,3,6
"2020-11-02 14:55:59",80,1,0
"2020-11-02 14:56:16",93,2,3
"2020-11-02 14:57:54",80,1,0
"2020-11-03 09:35:08",89,3,6
"2020-11-03 13:45:42",80,1,0
"2020-11-03 13:51:08",89,1,0
"2020-11-04 15:04:42",80,1,0
"2020-11-05 09:48:44",91,2,3
"2020-11-05 14:36:45",80,1,0
"2020-11-05 14:37:05",89,2,3
"2020-11-05 14:43:09",80,1,0
"2020-11-06 09:01:38",89,3,6
"2020-11-06 14:06:09",80,1,0
"2020-11-06 14:24:27",115,6,6
"2020-11-06 19:21:18",88,6,532
"2020-11-06 19:21:52",88,6,532
"2020-11-06 19:23:05",88,2,3
"2020-11-06 19:37:03",88,6,335
"2020-11-06 19:40:24",88,2,3
"2020-11-06 19:44:58",97,6,505
"2020-11-06 19:46:31",88,2,3
"2020-11-07 12:27:09",97,6,505
"2020-11-07 12:29:42",97,1,0
"2020-11-07 17:08:34",88,2,3
"2020-11-09 08:09:01",80,4,0
"2020-11-09 08:15:52",80,8,0
"2020-11-09 08:22:54",80,8,0
"2020-11-09 08:41:46",80,3,0
"2020-11-09 08:57:25",80,3,0
"2020-11-09 09:18:17",80,3,0
"2020-11-09 09:41:31",80,3,0
"2020-11-09 10:00:22",80,3,0
"2020-11-09 10:22:58",80,3,0
"2020-11-09 12:17:44",80,3,0
"2020-11-09 12:38:12",80,3,0
"2020-11-09 12:51:52",80,3,0
"2020-11-09 13:23:56",80,8,0
"2020-11-10 07:25:28",88,3,6
"2020-11-10 07:45:58",88,3,6
"2020-11-10 07:46:52",91,2,3
"2020-11-10 08:01:35",80,3,0
"2020-11-10 08:21:13",80,3,0
"2020-11-10 08:22:56",80,4,0
"2020-11-10 08:37:28",80,3,0
"2020-11-10 10:24:12",80,3,0
"2020-11-10 10:33:07",80,3,0
"2020-11-10 10:53:58",80,8,0
"2020-11-10 11:38:38",80,3,0
"2020-11-10 11:51:02",80,8,0
"2020-11-11 07:35:40",88,3,6
"2020-11-11 07:45:12",88,3,6
"2020-11-11 10:44:18",80,4,0
"2020-11-11 10:47:51",88,6,530
"2020-11-11 10:49:35",88,6,532
"2020-11-11 10:50:20",88,6,534
"2020-11-11 10:51:40",88,6,556
"2020-11-11 10:52:12",97,6,556
"2020-11-11 11:39:19",80,8,0
"2020-11-11 11:42:02",88,6,530
"2020-11-11 11:42:49",88,6,534
"2020-11-11 11:44:17",88,6,556
"2020-11-11 11:44:57",97,6,556
"2020-11-11 11:57:47",88,6,527
"2020-11-11 11:58:44",88,6,538
"2020-11-11 12:00:16",88,6,544
"2020-11-11 12:09:11",88,6,556
"2020-11-11 12:11:55",80,1,0
"2020-11-11 12:12:55",97,2,3
"2020-11-11 12:13:49",80,1,0
"2020-11-11 12:15:38",88,6,527
"2020-11-11 12:17:50",88,6,538
"2020-11-11 12:18:13",88,6,544
"2020-11-11 12:19:16",88,6,550
"2020-11-11 12:20:10",88,6,554
"2020-11-11 12:20:34",80,1,0
"2020-11-11 12:20:54",88,2,3
"2020-11-11 12:21:27",80,1,0
"2020-11-11 12:21:48",88,2,3
"2020-11-11 12:22:22",80,1,0
"2020-11-11 12:22:46",88,2,3
"2020-11-11 12:23:43",80,1,0
"2020-11-11 12:25:44",88,6,527
"2020-11-11 12:26:02",88,6,527
"2020-11-11 12:26:20",88,6,527
"2020-11-11 12:27:27",88,6,538
"2020-11-11 12:27:44",88,6,538
"2020-11-11 12:27:59",88,6,538
"2020-11-11 12:28:13",88,6,538
"2020-11-11 12:28:27",88,6,538
"2020-11-11 12:28:39",88,6,538
"2020-11-11 12:28:54",88,6,538
"2020-11-11 12:29:11",88,6,538
"2020-11-11 12:29:27",88,6,544
"2020-11-11 12:30:05",88,6,546
"2020-11-11 12:30:27",88,6,548
"2020-11-11 12:31:25",88,6,550
"2020-11-11 12:31:58",88,6,550
"2020-11-11 12:32:15",88,6,554
"2020-11-11 12:32:28",88,6,556
"2020-11-11 12:32:58",80,1,0
"2020-11-11 12:33:19",88,2,3
"2020-11-11 12:56:23",80,1,0
"2020-11-11 12:57:24",88,2,3
"2020-11-11 12:57:57",80,1,0
"2020-11-11 13:03:39",88,6,527
"2020-11-11 13:04:10",88,6,544
"2020-11-11 13:05:32",88,6,556
"2020-11-11 13:28:29",80,1,0
"2020-11-11 13:28:57",88,2,3
"2020-11-11 13:30:20",80,1,0
"2020-11-11 15:56:11",97,6,505
"2020-11-11 15:56:49",80,1,0
"2020-11-11 15:57:22",88,2,3
"2020-11-11 15:58:51",80,1,0
"2020-11-12 07:51:24",88,3,6
"2020-11-12 08:12:11",90,2,3
"2020-11-12 08:14:32",80,1,0
"2020-11-12 08:15:03",88,2,3
"2020-11-12 09:07:09",80,1,0
"2020-11-12 09:07:32",90,2,3
"2020-11-12 09:09:29",80,1,0
"2020-11-12 09:09:59",97,2,3
"2020-11-12 09:14:02",80,1,0
"2020-11-12 09:14:31",88,2,3
"2020-11-12 09:17:06",80,1,0
"2020-11-12 09:17:41",88,2,3
"2020-11-12 09:54:25",80,1,0
"2020-11-12 09:54:55",97,2,3
"2020-11-12 09:57:02",80,1,0
"2020-11-12 09:59:17",88,3,6
"2020-11-12 10:44:52",80,1,0
"2020-11-12 10:45:06",112,2,3
"2020-11-12 10:47:39",80,1,0
"2020-11-12 10:49:49",80,9,0
"2020-11-12 11:01:16",80,3,0
"2020-11-12 11:01:33",112,2,3
"2020-11-12 11:35:07",80,1,0
"2020-11-12 11:36:41",80,3,0
"2020-11-12 11:38:54",111,3,6
"2020-11-12 11:40:28",80,1,0
"2020-11-12 12:25:26",80,4,0
"2020-11-12 12:50:41",88,6,516
"2020-11-12 12:52:23",80,1,0
"2020-11-12 13:06:13",88,3,6
"2020-11-12 13:07:27",80,1,0
"2020-11-12 13:17:35",88,3,6
"2020-11-12 13:55:28",80,1,0
"2020-11-13 07:21:46",100,2,562
"2020-11-13 07:23:46",97,3,4
"2020-11-13 07:32:31",88,3,6
"2020-11-13 07:58:43",97,2,3
"2020-11-13 08:01:30",80,1,0
"2020-11-13 08:03:32",100,2,562
"2020-11-13 08:04:11",80,1,0
"2020-11-13 08:06:30",100,2,562
"2020-11-13 08:09:17",80,1,0
"2020-11-13 08:10:57",100,2,562
"2020-11-13 08:11:28",80,1,0
"2020-11-13 08:13:24",100,2,562
"2020-11-13 08:20:07",80,1,0
"2020-11-13 08:25:30",97,2,560
"2020-11-13 08:26:30",80,1,0
"2020-11-13 08:33:06",88,3,6
"2020-11-13 09:14:04",80,1,0
"2020-11-13 09:16:02",100,2,562
"2020-11-13 09:16:31",80,1,0
"2020-11-13 09:18:09",100,2,562
"2020-11-13 09:18:41",80,1,0
"2020-11-13 09:20:39",100,2,562
"2020-11-13 09:22:08",80,1,0
"2020-11-13 09:35:56",88,3,6
"2020-11-13 09:52:35",80,1,0
"2020-11-13 10:03:21",80,3,0
"2020-11-13 10:17:57",88,2,562
"2020-11-13 10:19:15",80,1,0
"2020-11-13 10:25:31",97,2,560
"2020-11-13 10:26:57",80,1,0
"2020-11-13 12:14:04",80,3,0
"2020-11-13 12:29:33",80,3,0
"2020-11-16 09:47:41",80,3,0
"2020-11-16 09:58:01",111,3,6
"2020-11-16 09:59:08",80,1,0
"2020-11-16 10:03:04",88,3,6
"2020-11-16 10:08:31",80,1,0
"2020-11-16 10:10:38",111,3,6
"2020-11-16 10:11:40",80,1,0
"2020-11-16 10:12:58",88,3,6
"2020-11-16 10:43:33",80,1,0
"2020-11-16 10:46:05",88,3,6
"2020-11-16 10:55:07",80,1,0
"2020-11-16 10:57:19",88,3,6
"2020-11-16 11:31:55",80,1,0
"2020-11-16 11:34:32",88,6,524
"2020-11-16 11:39:33",88,6,524
"2020-11-16 11:46:11",88,6,418
"2020-11-16 11:46:52",88,6,436
"2020-11-16 11:47:34",88,6,438
"2020-11-16 11:48:03",88,6,442
"2020-11-16 12:44:03",80,1,0
"2020-11-16 12:48:36",88,3,6
"2020-11-16 12:49:41",80,1,0
"2020-11-16 12:51:07",88,3,6
"2020-11-16 12:53:40",80,1,0
"2020-11-16 12:57:05",80,3,0
"2020-11-16 13:00:39",88,3,6
"2020-11-16 13:01:59",80,1,0
"2020-11-16 13:02:29",88,2,3
"2020-11-16 13:06:37",80,1,0
"2020-11-16 13:06:39",88,1,0
"2020-11-16 13:07:02",80,1,0
"2020-11-16 13:10:22",88,3,6
"2020-11-16 13:11:26",80,1,0
"2020-11-16 13:11:54",88,2,3
"2020-11-16 13:12:35",80,1,0
"2020-11-16 13:13:02",88,2,3
"2020-11-16 13:14:28",80,1,0
"2020-11-17 08:52:05",80,3,0
"2020-11-17 08:57:27",88,3,6
"2020-11-17 08:59:20",80,1,0
"2020-11-17 08:59:38",110,2,3
"2020-11-17 09:00:55",80,1,0
"2020-11-17 09:01:16",110,2,3
"2020-11-17 09:20:39",80,1,0
"2020-11-17 09:29:45",88,3,6
"2020-11-17 09:30:51",80,1,0
"2020-11-17 09:32:31",88,3,6
"2020-11-17 09:34:21",80,1,0
"2020-11-17 09:37:17",88,3,6
"2020-11-17 09:38:18",80,1,0
"2020-11-17 09:38:46",88,2,3
"2020-11-17 09:40:07",80,1,0
"2020-11-17 09:41:07",88,3,6
"2020-11-17 09:42:02",80,1,0
"2020-11-17 09:42:28",88,2,3
"2020-11-17 09:43:08",80,1,0
"2020-11-17 09:44:48",88,3,6
"2020-11-17 09:46:46",80,1,0
"2020-11-17 13:51:31",88,3,6
"2020-11-17 14:52:11",80,1,0
"2020-11-18 08:28:37",91,3,6
"2020-11-18 11:17:07",80,1,0
"2020-11-18 11:30:08",88,6,658
"2020-11-18 11:35:06",88,6,658
"2020-11-18 11:35:33",80,1,0
"2020-11-18 11:35:51",88,2,3
"2020-11-18 11:38:06",80,1,0
"2020-11-18 14:08:38",80,3,0
"2020-11-19 08:33:44",80,4,0
"2020-11-19 09:39:47",80,3,0
"2020-11-19 09:52:25",80,8,0
"2020-11-19 10:10:24",80,3,0
"2020-11-19 10:32:00",80,8,0
"2020-11-19 10:50:19",80,8,0
"2020-11-19 10:58:41",80,8,0
"2020-11-19 11:53:21",80,4,0
"2020-11-19 12:05:05",80,8,0
"2020-11-19 12:53:43",80,8,0
"2020-11-19 13:03:40",80,8,0
"2020-11-19 13:39:36",80,8,0
"2020-11-19 13:49:49",80,8,0
"2020-11-20 07:36:17",98,6,438
"2020-11-20 08:08:33",80,4,0
"2020-11-20 08:29:16",80,8,0
"2020-11-20 08:36:21",80,8,0
"2020-11-20 09:07:21",80,8,0
"2020-11-20 10:20:35",80,8,0
"2020-11-20 10:30:34",80,8,0
"2020-11-20 10:42:21",80,8,0
"2020-11-20 10:52:49",80,8,0
"2020-11-20 12:15:47",80,3,0
"2020-11-20 12:43:14",80,3,0
"2020-11-20 12:52:20",80,8,0
"2020-11-21 11:50:43",121,4,326
"2020-11-21 11:55:18",80,3,0
"2020-11-21 11:56:43",121,6,326
"2020-11-21 12:00:55",121,6,326
"2020-11-21 12:26:29",121,3,0
"2020-11-22 11:22:07",80,6,0
"2020-11-22 11:25:41",121,6,504
"2020-11-22 11:26:05",80,1,0
"2020-11-22 11:30:09",121,6,326
"2020-11-22 14:01:09",121,4,326
"2020-11-22 14:03:24",121,3,326
"2020-11-22 18:01:54",121,6,326
"2020-11-23 06:38:03",80,1,0
"2020-11-23 06:42:59",121,1,0
"2020-11-23 06:43:00",121,1,504
"2020-11-23 06:46:23",80,1,0
"2020-11-23 06:47:26",121,6,326
"2020-11-23 06:53:32",121,1,0
"2020-11-23 06:55:05",80,1,0
"2020-11-23 08:00:32",98,3,6
"2020-11-23 08:41:21",80,1,0
"2020-11-23 09:59:54",80,3,0
"2020-11-23 10:31:21",80,8,0
"2020-11-23 11:56:37",80,3,0
"2020-11-23 12:51:42",80,8,0
"2020-11-23 13:07:59",80,8,0
"2020-11-23 13:24:10",80,8,0
"2020-11-23 13:37:45",80,8,0
"2020-11-23 13:51:11",80,8,0
"2020-11-24 08:37:27",80,3,0
"2020-11-24 10:08:40",80,3,0
"2020-11-24 11:37:45",97,6,3022
"2020-11-24 11:39:56",97,6,3022
"2020-11-24 11:40:42",80,1,0
"2020-11-24 11:52:26",80,4,0
"2020-11-24 12:09:08",80,3,0
"2020-11-24 12:13:10",80,3,0
"2020-11-24 12:23:38",80,4,0
"2020-11-24 12:51:56",100,7,390
"2020-11-24 12:55:17",100,6,382
"2020-11-24 13:08:29",100,6,382
"2020-11-24 13:12:05",100,6,382
"2020-11-24 13:21:09",100,6,382
"2020-11-24 13:22:25",97,6,403
"2020-11-24 13:26:11",97,6,406
"2020-11-24 13:47:44",80,1,0
"2020-11-25 08:47:52",80,3,0
"2020-11-25 09:39:20",80,3,0
"2020-11-25 09:47:57",80,8,0
"2020-11-25 10:14:09",80,4,0
"2020-11-25 10:34:34",80,8,0
"2020-11-25 12:44:37",80,3,0
"2020-11-25 12:49:33",80,3,0
"2020-11-25 12:51:45",80,3,0
"2020-11-25 12:52:15",97,2,3
"2020-11-25 12:54:54",80,1,0
"2020-11-26 14:49:44",91,3,6
"2020-11-26 14:50:05",80,1,0
"2020-11-27 08:32:45",80,4,0
"2020-11-27 08:41:50",80,8,0
"2020-11-27 09:57:21",91,3,6
"2020-11-27 12:11:12",80,1,0
"2020-11-27 12:14:03",80,4,0
"2020-11-27 12:20:21",80,3,0
"2020-11-27 12:27:31",80,3,0
"2020-11-27 12:31:53",80,3,0
"2020-11-27 12:56:25",80,4,0
"2020-11-27 12:58:19",80,3,0
"2020-11-27 13:00:03",80,3,0
"2020-11-27 13:37:41",80,3,0
"2020-11-27 13:39:18",80,3,0
"2020-11-27 13:45:12",80,4,0
"2020-11-27 13:46:48",80,3,0
"2020-11-27 13:49:35",80,3,0
"2020-11-29 15:57:52",91,4,6
"2020-11-30 08:00:20",80,3,0
"2020-11-30 08:04:20",80,3,0
"2020-11-30 08:06:09",80,3,0
"2020-11-30 10:34:02",93,3,6
"2020-11-30 12:03:25",80,1,0
"2020-11-30 14:21:56",80,3,0
"2020-11-30 14:30:07",97,6,0
"2020-12-01 11:02:13",80,3,0
"2020-12-01 12:30:09",80,3,0
"2020-12-01 12:51:49",80,3,0
"2020-12-01 13:13:33",80,8,0
"2020-12-01 13:24:11",80,4,0
"2020-12-01 13:33:02",80,8,0
"2020-12-01 14:04:24",80,3,0
"2020-12-01 18:49:58",98,6,804
"2020-12-02 08:05:53",80,8,0
"2020-12-02 08:30:32",80,8,0
"2020-12-02 08:40:03",80,8,0
"2020-12-02 12:46:26",80,8,0
"2020-12-03 08:06:16",80,4,0
"2020-12-03 08:21:23",80,8,0
"2020-12-03 08:28:27",80,8,0
"2020-12-03 12:07:10",98,6,804
"2020-12-03 12:46:13",91,6,5114
"2020-12-03 12:47:30",80,1,0
"2020-12-03 12:50:06",98,6,3016
"2020-12-03 12:53:36",80,1,0
"2020-12-03 13:08:54",80,3,0
"2020-12-04 06:59:27",111,3,0
"2020-12-04 06:59:29",111,1,6
"2020-12-04 12:17:12",80,3,0
"2020-12-09 08:13:00",96,4,6
"2020-12-09 14:42:19",80,1,0
"2020-12-11 11:46:53",90,4,6
"2020-12-11 11:50:11",80,1,0
"2020-12-22 10:37:28",98,3,6
"2020-12-22 11:17:03",80,3,0
"2020-12-23 10:12:29",93,3,6
"2020-12-23 10:36:02",80,1,0
"2020-12-29 09:20:05",91,3,6
"2020-12-29 11:52:40",80,1,0
"2020-12-29 14:28:32",90,4,6
"2020-12-29 14:31:16",80,1,0
"2020-12-31 08:11:23",80,3,0
"2020-12-31 10:47:38",91,4,6
"2020-12-31 12:05:36",80,1,0
"2020-12-31 12:05:58",91,2,3
"2020-12-31 12:06:46",80,1,0
"2020-12-31 12:21:00",80,3,0
"2020-12-31 12:23:05",91,6,3018
"2020-12-31 12:23:26",80,2,0
"2021-01-05 08:31:07",80,3,0
"2021-01-05 08:52:27",80,3,0
"2021-01-05 08:58:38",80,3,0
"2021-01-05 09:09:51",80,3,0
"2021-01-05 10:05:23",80,4,0
"2021-01-05 10:06:21",80,2,0
"2021-01-05 10:32:13",80,3,0
"2021-01-05 10:56:12",80,3,0
"2021-01-05 11:48:43",80,3,0
"2021-01-05 12:04:36",80,3,0
"2021-01-05 12:18:11",80,3,0
"2021-01-05 12:59:09",80,3,0
"2021-01-05 13:39:08",80,3,0
"2021-01-05 13:49:03",80,3,0
"2021-01-05 13:52:00",80,4,0
"2021-01-07 09:10:05",80,3,0
"2021-01-07 11:16:29",80,3,0
"2021-01-08 08:27:56",80,4,0
"2021-01-08 08:56:51",80,3,0
"2021-01-08 09:13:05",80,3,0
"2021-01-08 09:26:27",80,3,0
"2021-01-08 10:33:49",80,3,0
"2021-01-08 10:42:02",91,6,412
"2021-01-08 10:43:00",80,1,0
"2021-01-08 10:46:36",91,6,5112
"2021-01-08 10:52:41",80,1,0
"2021-01-08 10:57:31",91,6,5112
"2021-01-08 10:58:05",80,1,0
"2021-01-08 11:35:34",80,4,0
"2021-01-08 12:12:44",80,3,0
"2021-01-08 12:27:12",80,8,0
"2021-01-08 12:35:58",80,8,0
"2021-01-08 12:54:33",80,8,0
"2021-01-08 13:01:00",80,8,0
"2021-01-08 13:06:23",80,8,0
"2021-01-08 13:13:17",80,3,0
"2021-01-08 13:18:40",80,8,0
"2021-01-08 13:28:31",80,3,0
"2021-01-11 08:14:10",80,4,0
"2021-01-11 08:32:43",80,3,0
"2021-01-11 08:38:31",87,6,805
"2021-01-11 08:41:58",80,1,0
"2021-01-11 08:57:28",80,3,0
"2021-01-11 09:33:36",80,4,0
"2021-01-11 12:24:52",80,3,0
"2021-01-11 12:35:47",80,3,0
"2021-01-13 12:57:12",90,4,6
"2021-01-13 13:40:48",80,1,0
"2021-01-13 16:50:44",115,6,6
"2021-01-13 18:11:16",115,6,6
"2021-01-13 18:14:44",115,6,6
"2021-01-14 08:15:52",80,8,0
"2021-01-14 10:34:11",80,3,0
"2021-01-14 10:44:42",80,8,0
"2021-01-14 10:50:13",80,8,0
"2021-01-14 10:56:19",80,8,0
"2021-01-15 08:16:26",80,8,0
"2021-01-15 08:37:03",80,4,0
"2021-01-15 08:38:41",80,4,0
"2021-01-15 08:47:39",97,6,3064
"2021-01-15 08:51:42",80,1,0
"2021-01-15 09:24:35",80,3,0
"2021-01-15 10:09:14",80,3,0
"2021-01-15 10:14:23",80,3,0
"2021-01-15 10:41:25",80,4,0
"2021-01-15 12:05:47",80,4,0
"2021-01-15 12:11:07",80,3,0
"2021-01-15 12:19:46",80,3,0
"2021-01-15 12:30:04",80,3,0
"2021-01-15 12:49:59",80,3,0
"2021-01-15 13:07:09",120,3,6
"2021-01-15 13:08:29",80,1,0
"2021-01-18 08:14:34",88,3,6
"2021-01-18 08:16:50",80,1,0
"2021-01-18 09:12:32",96,3,6
"2021-01-18 10:55:16",80,1,0
"2021-01-18 12:04:27",90,4,6
"2021-01-18 12:46:53",80,1,0
"2021-01-18 14:02:34",80,7,0
"2021-01-18 14:04:08",91,2,3
"2021-01-18 14:04:31",80,1,0
"2021-01-18 14:31:06",90,4,6
"2021-01-18 14:39:48",80,1,0
"2021-01-19 13:48:54",80,8,0
"2021-01-19 13:53:26",80,8,0
"2021-01-19 14:06:17",80,8,0
"2021-01-20 07:42:29",110,8,0
"2021-01-20 07:42:30",88,1,10
"2021-01-20 08:06:36",80,8,0
"2021-01-21 10:42:54",96,4,6
"2021-01-21 10:46:57",80,1,0
"2021-01-21 12:16:40",96,3,6
"2021-01-21 12:17:29",80,1,0
"2021-01-22 09:28:36",80,3,0
"2021-01-22 09:35:45",80,3,0
"2021-01-25 10:54:45",90,4,6
"2021-01-25 11:00:33",80,1,0
"2021-01-26 10:27:03",91,3,6
"2021-01-26 10:27:18",80,1,0
"2021-01-26 12:13:30",98,3,6
"2021-01-26 13:27:06",80,1,0
"2021-01-27 08:47:11",80,3,0
"2021-01-28 10:13:01",98,4,6
"2021-01-28 10:52:24",80,1,0
"2021-01-28 15:19:50",98,6,506
"2021-01-29 12:54:46",91,3,6
"2021-01-29 12:55:06",80,1,0
"2021-01-30 09:54:31",98,6,0
"2021-01-30 10:00:40",80,1,0
"2021-01-30 13:47:15",98,6,506
"2021-01-30 13:49:31",80,1,0
"2021-01-31 11:43:25",98,6,415
"2021-02-01 08:49:26",80,3,0
"2021-02-01 10:05:15",98,3,6
"2021-02-01 10:08:39",80,1,0
"2021-02-01 10:12:27",110,6,516
"2021-02-01 10:13:04",80,1,0
"2021-02-01 10:14:40",111,6,504
"2021-02-01 10:16:13",80,1,0
"2021-02-01 10:17:24",111,6,504
"2021-02-01 10:17:48",80,1,0
"2021-02-01 10:59:54",80,4,0
"2021-02-01 11:39:20",111,6,504
"2021-02-01 11:40:09",80,1,0
"2021-02-01 11:41:30",111,6,506
"2021-02-01 11:42:28",80,1,0
"2021-02-01 11:52:46",111,6,506
"2021-02-01 11:55:28",80,1,0
"2021-02-01 12:34:53",80,3,0
"2021-02-01 12:37:49",111,6,506
"2021-02-01 12:39:07",80,1,0
"2021-02-01 12:40:26",111,6,506
"2021-02-01 12:48:05",80,1,0
"2021-02-01 12:51:24",110,6,548
"2021-02-01 12:52:08",80,1,0
"2021-02-01 13:35:43",98,3,6
"2021-02-01 13:42:48",80,1,0
"2021-02-01 13:43:44",97,3,4
"2021-02-01 13:44:27",80,1,0
"2021-02-01 13:45:20",111,6,506
"2021-02-01 13:49:12",80,1,0
"2021-02-01 14:03:36",111,6,504
"2021-02-01 14:04:09",80,1,0
"2021-02-01 14:04:44",80,2,0
"2021-02-01 14:07:06",111,6,504
"2021-02-01 14:08:13",80,1,0
"2021-02-01 14:09:10",111,6,504
"2021-02-01 14:11:48",80,1,0
"2021-02-01 14:13:41",111,6,504
"2021-02-01 14:18:39",80,8,0
"2021-02-01 14:20:59",111,6,504
"2021-02-01 14:22:05",80,1,0
"2021-02-01 14:23:04",111,6,504
"2021-02-01 14:24:10",80,1,0
"2021-02-01 14:35:39",80,4,0
"2021-02-01 14:37:05",111,6,504
"2021-02-01 14:37:52",80,1,0
"2021-02-02 07:33:07",98,3,6
"2021-02-02 07:45:17",98,6,504
"2021-02-02 09:27:48",80,4,0
"2021-02-02 09:41:32",80,3,0
"2021-02-02 10:11:25",80,3,0
"2021-02-02 10:32:13",80,3,0
"2021-02-02 11:00:26",80,8,0
"2021-02-02 12:10:44",80,3,0
"2021-02-02 12:19:48",80,3,0
"2021-02-02 12:48:15",80,5,0
"2021-02-02 12:59:37",98,6,548
"2021-02-02 13:02:06",98,6,550
"2021-02-02 13:24:59",80,3,0
"2021-02-02 13:29:01",98,6,504
"2021-02-02 13:29:49",98,6,516
"2021-02-03 08:03:22",80,4,0
"2021-02-03 08:38:46",80,3,0
"2021-02-03 09:08:48",80,4,0
"2021-02-03 09:36:15",80,4,0
"2021-02-03 09:43:28",80,3,0
"2021-02-03 12:04:39",80,4,0
"2021-02-03 12:19:13",80,3,0
"2021-02-03 13:10:01",80,8,0
"2021-02-03 13:15:40",110,6,548
"2021-02-03 13:19:22",80,1,0
"2021-02-03 13:39:46",80,3,0
"2021-02-03 13:50:13",80,8,0
"2021-02-04 07:24:17",98,6,506
"2021-02-04 08:31:02",80,8,0
"2021-02-04 10:59:23",80,4,0
"2021-02-04 11:38:04",80,3,0
"2021-02-04 11:45:27",80,3,0
"2021-02-04 13:19:04",80,3,0
"2021-02-04 13:26:23",80,3,0
"2021-02-05 08:13:17",80,3,0
"2021-02-05 08:28:21",80,3,0
"2021-02-05 09:12:30",80,3,0
"2021-02-05 09:17:37",80,3,0
"2021-02-05 09:31:19",80,4,0
"2021-02-05 10:02:58",80,8,0
"2021-02-05 11:45:07",80,3,0
"2021-02-05 12:00:06",80,3,0
"2021-02-05 13:04:31",80,3,0
"2021-02-08 08:02:12",98,3,6
"2021-02-08 09:44:23",80,1,0
"2021-02-10 08:06:28",80,3,0
"2021-02-10 08:15:04",80,3,0
"2021-02-10 08:19:52",80,3,0
"2021-02-10 08:23:11",80,3,0
"2021-02-10 08:32:37",80,3,0
"2021-02-10 08:35:40",80,3,0
"2021-02-10 08:39:14",80,3,0
"2021-02-10 09:02:20",80,3,0
"2021-02-12 14:15:00",92,3,6
"2021-02-12 14:49:15",80,1,0
"2021-02-12 14:49:34",92,2,3
"2021-02-12 15:50:36",80,1,0
"2021-02-12 15:50:55",92,2,3
"2021-02-12 15:51:45",80,1,0
"2021-02-16 08:36:56",80,3,0
"2021-02-16 09:29:48",80,3,0
"2021-02-16 09:41:05",80,3,0
"2021-02-16 09:42:51",80,9,0
"2021-02-16 09:56:02",80,3,0
"2021-02-16 10:06:17",80,3,0
"2021-02-16 10:34:40",98,6,415
"2021-02-16 10:51:29",80,8,0
"2021-02-16 12:12:18",80,3,0
"2021-02-17 08:21:07",88,3,6
"2021-02-17 09:46:59",80,1,0
"2021-02-17 09:53:23",88,6,384
"2021-02-17 09:55:04",110,6,384
"2021-02-17 09:55:31",110,6,384
"2021-02-17 09:55:52",110,6,384
"2021-02-17 09:56:13",80,2,0
"2021-02-17 10:01:22",80,3,0
"2021-02-17 12:56:34",80,8,0
"2021-02-17 13:38:21",80,8,0
"2021-02-18 10:39:19",90,4,6
"2021-03-01 14:26:14",80,1,0
"2021-03-01 16:04:55",80,4,0
"2021-03-02 12:06:54",98,6,506
"2021-03-02 12:09:25",98,6,506
"2021-03-05 14:10:48",89,6,212
"2021-03-05 14:13:22",80,1,0
"2021-03-05 14:16:09",91,6,200
"2021-03-05 14:18:14",80,1,0
"2021-03-05 14:53:31",80,3,0
"2021-03-08 07:50:15",89,3,6
"2021-03-08 09:51:32",80,1,0
"2021-03-09 12:13:03",80,3,0
"2021-03-11 14:10:58",91,2,3
"2021-03-11 14:25:17",80,1,0
"2021-03-12 07:59:11",91,2,3
"2021-03-12 09:28:27",80,1,0
"2021-03-16 13:53:18",80,3,0
"2021-03-17 10:11:24",91,3,6
"2021-03-17 10:18:33",80,1,0
"2021-03-17 10:23:57",91,3,6
"2021-03-17 10:27:26",80,1,0
